1.000000000000000000e+02,2.500000000000000052e-03,5.000000000000000000e-01,2.409999999999999816e-03,0.000000000000000000e+00,8.559999999999999359e-05,0.000000000000000000e+00
2.000000000000000000e+02,2.500000000000000052e-03,5.000000000000000000e-01,3.229999999999999798e-03,0.000000000000000000e+00,1.659999999999999963e-04,0.000000000000000000e+00
4.000000000000000000e+02,2.500000000000000052e-03,5.000000000000000000e-01,4.499999999999999660e-03,0.000000000000000000e+00,3.280000000000000038e-04,7.079999999999999976e-05
6.000000000000000000e+02,2.500000000000000052e-03,5.000000000000000000e-01,5.069999999999999854e-03,4.219999999999999793e-03,4.840000000000000010e-04,1.050000000000000044e-04
1.000000000000000000e+03,2.500000000000000052e-03,5.000000000000000000e-01,6.769999999999999976e-03,6.769999999999999976e-03,1.080000000000000014e-03,1.469999999999999953e-04
1.500000000000000000e+03,2.500000000000000052e-03,5.000000000000000000e-01,9.709999999999999881e-03,1.119999999999999989e-02,1.719999999999999958e-03,4.369999999999999970e-04
2.000000000000000000e+03,2.500000000000000052e-03,5.000000000000000000e-01,1.260000000000000009e-02,1.559999999999999928e-02,2.500000000000000052e-03,7.669999999999999951e-04
2.500000000000000000e+03,2.500000000000000052e-03,5.000000000000000000e-01,1.409999999999999969e-02,2.149999999999999828e-02,2.500000000000000052e-03,1.299999999999999940e-03
3.000000000000000000e+03,2.500000000000000052e-03,5.000000000000000000e-01,1.700000000000000122e-02,2.149999999999999828e-02,2.500000000000000052e-03,1.709999999999999932e-03
1.000000000000000000e+02,5.000000000000000104e-03,5.000000000000000000e-01,2.289999999999999935e-03,0.000000000000000000e+00,8.909999999999999734e-05,0.000000000000000000e+00
2.000000000000000000e+02,5.000000000000000104e-03,5.000000000000000000e-01,3.229999999999999798e-03,0.000000000000000000e+00,1.710000000000000094e-04,0.000000000000000000e+00
4.000000000000000000e+02,5.000000000000000104e-03,5.000000000000000000e-01,4.499999999999999660e-03,0.000000000000000000e+00,3.330000000000000169e-04,0.000000000000000000e+00
6.000000000000000000e+02,5.000000000000000104e-03,5.000000000000000000e-01,5.349999999999999721e-03,0.000000000000000000e+00,4.949999999999999973e-04,1.100000000000000039e-04
1.000000000000000000e+03,5.000000000000000104e-03,5.000000000000000000e-01,6.769999999999999976e-03,0.000000000000000000e+00,1.110000000000000092e-03,1.430000000000000064e-04
1.500000000000000000e+03,5.000000000000000104e-03,5.000000000000000000e-01,1.119999999999999989e-02,5.919999999999999915e-03,1.549999999999999946e-03,4.449999999999999746e-04
2.000000000000000000e+03,5.000000000000000104e-03,5.000000000000000000e-01,1.260000000000000009e-02,9.709999999999999881e-03,2.150000000000000001e-03,7.579999999999999932e-04
2.500000000000000000e+03,5.000000000000000104e-03,5.000000000000000000e-01,1.559999999999999928e-02,1.409999999999999969e-02,2.969999999999999984e-03,1.229999999999999974e-03
3.000000000000000000e+03,5.000000000000000104e-03,5.000000000000000000e-01,1.849999999999999908e-02,1.849999999999999908e-02,3.629999999999999980e-03,1.610000000000000103e-03
1.000000000000000000e+02,1.000000000000000021e-02,5.000000000000000000e-01,2.289999999999999935e-03,0.000000000000000000e+00,8.899999999999999491e-05,0.000000000000000000e+00
2.000000000000000000e+02,1.000000000000000021e-02,5.000000000000000000e-01,3.289999999999999956e-03,0.000000000000000000e+00,1.689999999999999879e-04,0.000000000000000000e+00
4.000000000000000000e+02,1.000000000000000021e-02,5.000000000000000000e-01,4.780000000000000394e-03,0.000000000000000000e+00,3.319999999999999926e-04,0.000000000000000000e+00
6.000000000000000000e+02,1.000000000000000021e-02,5.000000000000000000e-01,5.780000000000000415e-03,0.000000000000000000e+00,4.879999999999999898e-04,1.010000000000000020e-04
1.000000000000000000e+03,1.000000000000000021e-02,5.000000000000000000e-01,8.240000000000000796e-03,0.000000000000000000e+00,1.139999999999999954e-03,1.689999999999999879e-04
1.500000000000000000e+03,1.000000000000000021e-02,5.000000000000000000e-01,1.119999999999999989e-02,0.000000000000000000e+00,1.529999999999999893e-03,4.699999999999999859e-04
2.000000000000000000e+03,1.000000000000000021e-02,5.000000000000000000e-01,1.260000000000000009e-02,0.000000000000000000e+00,2.210000000000000159e-03,8.589999999999999546e-04
2.500000000000000000e+03,1.000000000000000021e-02,5.000000000000000000e-01,1.559999999999999928e-02,0.000000000000000000e+00,2.909999999999999826e-03,1.260000000000000052e-03
3.000000000000000000e+03,1.000000000000000021e-02,5.000000000000000000e-01,1.849999999999999908e-02,8.240000000000000796e-03,3.419999999999999863e-03,1.619999999999999912e-03
1.000000000000000000e+02,2.500000000000000052e-03,1.000000000000000000e+00,4.780000000000000394e-03,2.530000000000000131e-03,1.710000000000000094e-04,0.000000000000000000e+00
2.000000000000000000e+02,2.500000000000000052e-03,1.000000000000000000e+00,6.199999999999999782e-03,5.349999999999999721e-03,3.420000000000000188e-04,0.000000000000000000e+00
4.000000000000000000e+02,2.500000000000000052e-03,1.000000000000000000e+00,6.769999999999999976e-03,1.409999999999999969e-02,7.259999999999999743e-04,0.000000000000000000e+00
6.000000000000000000e+02,2.500000000000000052e-03,1.000000000000000000e+00,2.659999999999999865e-02,2.659999999999999865e-02,1.260000000000000052e-03,2.280000000000000126e-04
1.000000000000000000e+03,2.500000000000000052e-03,1.000000000000000000e+00,3.690000000000000224e-02,3.690000000000000224e-02,2.639999999999999986e-03,5.509999999999999490e-04
1.500000000000000000e+03,2.500000000000000052e-03,1.000000000000000000e+00,4.240000000000000019e-02,4.240000000000000019e-02,5.610000000000000403e-03,1.240000000000000000e-03
2.000000000000000000e+03,2.500000000000000052e-03,1.000000000000000000e+00,4.240000000000000019e-02,4.240000000000000019e-02,2.419999999999999842e-03,2.419999999999999842e-03
2.500000000000000000e+03,2.500000000000000052e-03,1.000000000000000000e+00,4.240000000000000019e-02,4.240000000000000019e-02,2.500000000000000052e-03,6.190000000000000190e-03
3.000000000000000000e+03,2.500000000000000052e-03,1.000000000000000000e+00,4.240000000000000019e-02,4.240000000000000019e-02,2.500000000000000052e-03,6.300000000000000044e-03
1.000000000000000000e+02,5.000000000000000104e-03,1.000000000000000000e+00,4.780000000000000394e-03,0.000000000000000000e+00,1.719520000000000098e-04,0.000000000000000000e+00
2.000000000000000000e+02,5.000000000000000104e-03,1.000000000000000000e+00,6.199999999999999782e-03,0.000000000000000000e+00,3.362239999999999847e-04,0.000000000000000000e+00
4.000000000000000000e+02,5.000000000000000104e-03,1.000000000000000000e+00,9.709999999999999881e-03,2.530000000000000131e-03,7.134380000000000496e-04,0.000000000000000000e+00
6.000000000000000000e+02,5.000000000000000104e-03,1.000000000000000000e+00,1.119999999999999989e-02,8.240000000000000796e-03,1.127680000000000045e-03,2.902439999999999946e-04
1.000000000000000000e+03,5.000000000000000104e-03,1.000000000000000000e+00,1.409999999999999969e-02,1.559999999999999928e-02,2.024520000000000139e-03,6.184779999999999965e-04
1.500000000000000000e+03,5.000000000000000104e-03,1.000000000000000000e+00,1.849999999999999908e-02,2.489999999999999852e-02,3.637070000000000060e-03,1.253509999999999997e-03
2.000000000000000000e+03,5.000000000000000104e-03,1.000000000000000000e+00,2.657539999999999902e-02,3.254900000000000154e-02,5.000000000000000104e-03,2.330000000000000040e-03
2.500000000000000000e+03,5.000000000000000104e-03,1.000000000000000000e+00,3.080000000000000099e-02,4.240000000000000019e-02,5.000000000000000104e-03,3.959999999999999978e-03
3.000000000000000000e+03,5.000000000000000104e-03,1.000000000000000000e+00,3.509999999999999926e-02,4.700000000000000011e-02,5.000000000000000104e-03,5.040000000000000209e-03
1.000000000000000000e+02,1.000000000000000021e-02,1.000000000000000000e+00,4.219999999999999793e-03,0.000000000000000000e+00,1.559999999999999972e-03,0.000000000000000000e+00
2.000000000000000000e+02,1.000000000000000021e-02,1.000000000000000000e+00,5.919999999999999915e-03,0.000000000000000000e+00,3.390000000000000001e-04,0.000000000000000000e+00
4.000000000000000000e+02,1.000000000000000021e-02,1.000000000000000000e+00,9.709999999999999881e-03,0.000000000000000000e+00,6.980000000000000527e-04,0.000000000000000000e+00
6.000000000000000000e+02,1.000000000000000021e-02,1.000000000000000000e+00,1.119999999999999989e-02,0.000000000000000000e+00,1.119999999999999902e-03,3.119999999999999944e-04
1.000000000000000000e+03,1.000000000000000021e-02,1.000000000000000000e+00,1.409999999999999969e-02,0.000000000000000000e+00,2.089999999999999844e-03,6.700000000000000226e-04
1.500000000000000000e+03,1.000000000000000021e-02,1.000000000000000000e+00,2.149999999999999828e-02,1.559999999999999928e-02,3.259999999999999877e-03,1.340000000000000045e-03
2.000000000000000000e+03,1.000000000000000021e-02,1.000000000000000000e+00,2.489999999999999852e-02,2.149999999999999828e-02,4.309999999999999595e-03,2.259999999999999856e-03
2.500000000000000000e+03,1.000000000000000021e-02,1.000000000000000000e+00,3.169999999999999901e-02,2.999999999999999889e-02,5.519999999999999733e-03,3.799999999999999992e-03
3.000000000000000000e+03,1.000000000000000021e-02,1.000000000000000000e+00,3.880000000000000115e-02,3.690000000000000224e-02,6.349999999999999742e-03,4.959999999999999999e-03
1.000000000000000000e+02,2.500000000000000052e-03,1.500000000000000000e+00,5.069999999999999854e-03,6.199999999999999782e-03,2.629999999999999959e-04,0.000000000000000000e+00
2.000000000000000000e+02,2.500000000000000052e-03,1.500000000000000000e+00,9.709999999999999881e-03,2.149999999999999828e-02,5.630000000000000239e-04,0.000000000000000000e+00
4.000000000000000000e+02,2.500000000000000052e-03,1.500000000000000000e+00,4.059999999999999720e-02,4.059999999999999720e-02,1.250000000000000026e-03,0.000000000000000000e+00
6.000000000000000000e+02,2.500000000000000052e-03,1.500000000000000000e+00,5.330000000000000016e-02,5.149999999999999717e-02,2.500000000000000052e-03,2.449999999999999921e-04
1.000000000000000000e+03,2.500000000000000052e-03,1.500000000000000000e+00,6.790000000000000202e-02,6.890000000000000291e-02,2.500000000000000052e-03,9.590000000000000000e-04
1.500000000000000000e+03,2.500000000000000052e-03,1.500000000000000000e+00,6.790000000000000202e-02,6.890000000000000291e-02,2.500000000000000052e-03,2.340000000000000066e-03
2.000000000000000000e+03,2.500000000000000052e-03,1.500000000000000000e+00,6.890000000000000291e-02,6.890000000000000291e-02,2.500000000000000052e-03,1.600000000000000033e-02
2.500000000000000000e+03,2.500000000000000052e-03,1.500000000000000000e+00,6.890000000000000291e-02,6.890000000000000291e-02,2.500000000000000052e-03,1.940000000000000058e-02
3.000000000000000000e+03,2.500000000000000052e-03,1.500000000000000000e+00,6.890000000000000291e-02,6.890000000000000291e-02,2.500000000000000052e-03,0.000000000000000000e+00
1.000000000000000000e+02,5.000000000000000104e-03,1.500000000000000000e+00,6.769999999999999976e-03,0.000000000000000000e+00,2.620000000000000258e-04,0.000000000000000000e+00
2.000000000000000000e+02,5.000000000000000104e-03,1.500000000000000000e+00,9.709999999999999881e-03,0.000000000000000000e+00,5.109999999999999525e-04,1.200000000000000030e-04
4.000000000000000000e+02,5.000000000000000104e-03,1.500000000000000000e+00,1.119999999999999989e-02,1.260000000000000009e-02,1.080000000000000014e-03,2.649999999999999903e-04
6.000000000000000000e+02,5.000000000000000104e-03,1.500000000000000000e+00,1.409999999999999969e-02,1.849999999999999908e-02,1.830000000000000029e-03,5.270000000000000162e-04
1.000000000000000000e+03,5.000000000000000104e-03,1.500000000000000000e+00,2.659999999999999865e-02,5.149999999999999717e-02,3.720000000000000216e-03,1.149999999999999981e-03
1.500000000000000000e+03,5.000000000000000104e-03,1.500000000000000000e+00,5.700000000000000205e-02,5.700000000000000205e-02,1.500000000000000000e+00,2.419999999999999842e-03
2.000000000000000000e+03,5.000000000000000104e-03,1.500000000000000000e+00,7.399999999999999634e-02,7.069999999999999896e-02,1.500000000000000000e+00,5.579999999999999891e-03
2.500000000000000000e+03,5.000000000000000104e-03,1.500000000000000000e+00,8.580000000000000127e-02,8.580000000000000127e-02,1.500000000000000000e+00,9.409999999999999962e-03
3.000000000000000000e+03,5.000000000000000104e-03,1.500000000000000000e+00,8.580000000000000127e-02,8.580000000000000127e-02,1.500000000000000000e+00,1.060000000000000005e-02
1.000000000000000000e+02,1.000000000000000021e-02,1.500000000000000000e+00,6.479999999999999649e-03,0.000000000000000000e+00,2.610000000000000015e-04,0.000000000000000000e+00
2.000000000000000000e+02,1.000000000000000021e-02,1.500000000000000000e+00,9.709999999999999881e-03,0.000000000000000000e+00,5.069999999999999637e-04,0.000000000000000000e+00
4.000000000000000000e+02,1.000000000000000021e-02,1.500000000000000000e+00,1.260000000000000009e-02,0.000000000000000000e+00,1.069999999999999988e-03,2.860000000000000129e-04
6.000000000000000000e+02,1.000000000000000021e-02,1.500000000000000000e+00,1.700000000000000122e-02,4.360000000000000160e-03,1.760000000000000063e-03,5.820000000000000520e-04
1.000000000000000000e+03,1.000000000000000021e-02,1.500000000000000000e+00,2.319999999999999840e-02,1.849999999999999908e-02,3.180000000000000101e-03,1.289999999999999914e-03
1.500000000000000000e+03,1.000000000000000021e-02,1.500000000000000000e+00,2.659999999999999865e-02,2.829999999999999877e-02,5.230000000000000274e-03,2.639999999999999986e-03
2.000000000000000000e+03,1.000000000000000021e-02,1.500000000000000000e+00,4.610000000000000209e-02,3.690000000000000224e-02,6.910000000000000343e-03,5.109999999999999959e-03
2.500000000000000000e+03,1.000000000000000021e-02,1.500000000000000000e+00,5.700000000000000205e-02,4.970000000000000112e-02,2.020000000000000094e-03,1.369999999999999907e-03
3.000000000000000000e+03,1.000000000000000021e-02,1.500000000000000000e+00,0.000000000000000000e+00,0.000000000000000000e+00,0.000000000000000000e+00,0.000000000000000000e+00
