0.000000000000000000e+00,0.000000000000000000e+00,0.000000000000000000e+00,2.808857808857808877e-02,0.000000000000000000e+00,5.706666666666666013e-05,0.000000000000000000e+00
3.448275862068965469e-02,0.000000000000000000e+00,0.000000000000000000e+00,3.764568764568764631e-02,0.000000000000000000e+00,1.106666666666666552e-04,0.000000000000000000e+00
1.034482758620689641e-01,0.000000000000000000e+00,0.000000000000000000e+00,5.244755244755244794e-02,0.000000000000000000e+00,2.186666666666666511e-04,3.649484536082474133e-03
1.724137931034482873e-01,0.000000000000000000e+00,0.000000000000000000e+00,5.909090909090908977e-02,4.918414918414918541e-02,3.226666666666666312e-04,5.412371134020619277e-03
3.103448275862068506e-01,0.000000000000000000e+00,0.000000000000000000e+00,7.890442890442890544e-02,7.890442890442890544e-02,7.199999999999999369e-04,7.577319587628865601e-03
4.827586206896550824e-01,0.000000000000000000e+00,0.000000000000000000e+00,1.131701631701631794e-01,1.305361305361305291e-01,1.146666666666666494e-03,2.252577319587628982e-02
6.551724137931034253e-01,0.000000000000000000e+00,0.000000000000000000e+00,1.468531468531468487e-01,1.818181818181818232e-01,1.666666666666666557e-03,3.953608247422680383e-02
8.275862068965517127e-01,0.000000000000000000e+00,0.000000000000000000e+00,1.643356643356643498e-01,2.505827505827505908e-01,1.666666666666666557e-03,6.701030927835051332e-02
9.999999999999998890e-01,0.000000000000000000e+00,0.000000000000000000e+00,1.981351981351981706e-01,2.505827505827505908e-01,1.666666666666666557e-03,8.814432989690722253e-02
0.000000000000000000e+00,3.333333333333333703e-01,0.000000000000000000e+00,2.668997668997669104e-02,0.000000000000000000e+00,5.939999999999999371e-05,0.000000000000000000e+00
3.448275862068965469e-02,3.333333333333333703e-01,0.000000000000000000e+00,3.764568764568764631e-02,0.000000000000000000e+00,1.140000000000000063e-04,0.000000000000000000e+00
1.034482758620689641e-01,3.333333333333333703e-01,0.000000000000000000e+00,5.244755244755244794e-02,0.000000000000000000e+00,2.220000000000000022e-04,0.000000000000000000e+00
1.724137931034482873e-01,3.333333333333333703e-01,0.000000000000000000e+00,6.235431235431235231e-02,0.000000000000000000e+00,3.299999999999999982e-04,5.670103092783505827e-03
3.103448275862068506e-01,3.333333333333333703e-01,0.000000000000000000e+00,7.890442890442890544e-02,0.000000000000000000e+00,7.399999999999999894e-04,7.371134020618556881e-03
4.827586206896550824e-01,3.333333333333333703e-01,0.000000000000000000e+00,1.305361305361305291e-01,6.899766899766900108e-02,1.033333333333333152e-03,2.293814432989690552e-02
6.551724137931034253e-01,3.333333333333333703e-01,0.000000000000000000e+00,1.468531468531468487e-01,1.131701631701631794e-01,1.433333333333333334e-03,3.907216494845360683e-02
8.275862068965517127e-01,3.333333333333333703e-01,0.000000000000000000e+00,1.818181818181818232e-01,1.643356643356643498e-01,1.979999999999999989e-03,6.340206185567009989e-02
9.999999999999998890e-01,3.333333333333333703e-01,0.000000000000000000e+00,2.156177156177156162e-01,2.156177156177156162e-01,2.419999999999999842e-03,8.298969072164949501e-02
0.000000000000000000e+00,1.000000000000000000e+00,0.000000000000000000e+00,2.668997668997669104e-02,0.000000000000000000e+00,5.933333333333332994e-05,0.000000000000000000e+00
3.448275862068965469e-02,1.000000000000000000e+00,0.000000000000000000e+00,3.834498834498834691e-02,0.000000000000000000e+00,1.126666666666666496e-04,0.000000000000000000e+00
1.034482758620689641e-01,1.000000000000000000e+00,0.000000000000000000e+00,5.571095571095571741e-02,0.000000000000000000e+00,2.213333333333333103e-04,0.000000000000000000e+00
1.724137931034482873e-01,1.000000000000000000e+00,0.000000000000000000e+00,6.736596736596738022e-02,0.000000000000000000e+00,3.253333333333332904e-04,5.206185567010309691e-03
3.103448275862068506e-01,1.000000000000000000e+00,0.000000000000000000e+00,9.603729603729604936e-02,0.000000000000000000e+00,7.599999999999999334e-04,8.711340206185566593e-03
4.827586206896550824e-01,1.000000000000000000e+00,0.000000000000000000e+00,1.305361305361305291e-01,0.000000000000000000e+00,1.019999999999999856e-03,2.422680412371134087e-02
6.551724137931034253e-01,1.000000000000000000e+00,0.000000000000000000e+00,1.468531468531468487e-01,0.000000000000000000e+00,1.473333333333333439e-03,4.427835051546391565e-02
8.275862068965517127e-01,1.000000000000000000e+00,0.000000000000000000e+00,1.818181818181818232e-01,0.000000000000000000e+00,1.939999999999999884e-03,6.494845360824742786e-02
9.999999999999998890e-01,1.000000000000000000e+00,0.000000000000000000e+00,2.156177156177156162e-01,9.603729603729604936e-02,2.279999999999999909e-03,8.350515463917525250e-02
0.000000000000000000e+00,0.000000000000000000e+00,5.000000000000000000e-01,5.571095571095571741e-02,2.948717948717948997e-02,1.140000000000000063e-04,0.000000000000000000e+00
3.448275862068965469e-02,0.000000000000000000e+00,5.000000000000000000e-01,7.226107226107225667e-02,6.235431235431235231e-02,2.280000000000000126e-04,0.000000000000000000e+00
1.034482758620689641e-01,0.000000000000000000e+00,5.000000000000000000e-01,7.890442890442890544e-02,1.643356643356643498e-01,4.839999999999999468e-04,0.000000000000000000e+00
1.724137931034482873e-01,0.000000000000000000e+00,5.000000000000000000e-01,3.100233100233100170e-01,3.100233100233100170e-01,8.400000000000000348e-04,1.175257731958762909e-02
3.103448275862068506e-01,0.000000000000000000e+00,5.000000000000000000e-01,4.300699300699301064e-01,4.300699300699301064e-01,1.759999999999999846e-03,2.840206185567010003e-02
4.827586206896550824e-01,0.000000000000000000e+00,5.000000000000000000e-01,4.941724941724942033e-01,4.941724941724942033e-01,3.740000000000000269e-03,6.391752577319588513e-02
6.551724137931034253e-01,0.000000000000000000e+00,5.000000000000000000e-01,4.941724941724942033e-01,4.941724941724942033e-01,1.613333333333333156e-03,1.247422680412371143e-01
8.275862068965517127e-01,0.000000000000000000e+00,5.000000000000000000e-01,4.941724941724942033e-01,4.941724941724942033e-01,1.666666666666666557e-03,3.190721649484536404e-01
9.999999999999998890e-01,0.000000000000000000e+00,5.000000000000000000e-01,4.941724941724942033e-01,4.941724941724942033e-01,1.666666666666666557e-03,3.247422680412371254e-01
0.000000000000000000e+00,3.333333333333333703e-01,5.000000000000000000e-01,5.571095571095571741e-02,0.000000000000000000e+00,1.146346666666666687e-04,0.000000000000000000e+00
3.448275862068965469e-02,3.333333333333333703e-01,5.000000000000000000e-01,7.226107226107225667e-02,0.000000000000000000e+00,2.241493333333333051e-04,0.000000000000000000e+00
1.034482758620689641e-01,3.333333333333333703e-01,5.000000000000000000e-01,1.131701631701631794e-01,2.948717948717948997e-02,4.756253333333333483e-04,0.000000000000000000e+00
1.724137931034482873e-01,3.333333333333333703e-01,5.000000000000000000e-01,1.305361305361305291e-01,9.603729603729604936e-02,7.517866666666666968e-04,1.496103092783505201e-02
3.103448275862068506e-01,3.333333333333333703e-01,5.000000000000000000e-01,1.643356643356643498e-01,1.818181818181818232e-01,1.349680000000000020e-03,3.188030927835051875e-02
4.827586206896550824e-01,3.333333333333333703e-01,5.000000000000000000e-01,2.156177156177156162e-01,2.902097902097902082e-01,2.424713333333333373e-03,6.461391752577319569e-02
6.551724137931034253e-01,3.333333333333333703e-01,5.000000000000000000e-01,3.097365967365967587e-01,3.793589743589744212e-01,3.333333333333333114e-03,1.201030927835051582e-01
8.275862068965517127e-01,3.333333333333333703e-01,5.000000000000000000e-01,3.589743589743590313e-01,4.941724941724942033e-01,3.333333333333333114e-03,2.041237113402061820e-01
9.999999999999998890e-01,3.333333333333333703e-01,5.000000000000000000e-01,4.090909090909091161e-01,5.477855477855477773e-01,3.333333333333333114e-03,2.597938144329897114e-01
0.000000000000000000e+00,1.000000000000000000e+00,5.000000000000000000e-01,4.918414918414918541e-02,0.000000000000000000e+00,1.039999999999999909e-03,0.000000000000000000e+00
3.448275862068965469e-02,1.000000000000000000e+00,5.000000000000000000e-01,6.899766899766900108e-02,0.000000000000000000e+00,2.259999999999999910e-04,0.000000000000000000e+00
1.034482758620689641e-01,1.000000000000000000e+00,5.000000000000000000e-01,1.131701631701631794e-01,0.000000000000000000e+00,4.653333333333333323e-04,0.000000000000000000e+00
1.724137931034482873e-01,1.000000000000000000e+00,5.000000000000000000e-01,1.305361305361305291e-01,0.000000000000000000e+00,7.466666666666665290e-04,1.608247422680412347e-02
3.103448275862068506e-01,1.000000000000000000e+00,5.000000000000000000e-01,1.643356643356643498e-01,0.000000000000000000e+00,1.393333333333333229e-03,3.453608247422680633e-02
4.827586206896550824e-01,1.000000000000000000e+00,5.000000000000000000e-01,2.505827505827505908e-01,1.818181818181818232e-01,2.173333333333333107e-03,6.907216494845361265e-02
6.551724137931034253e-01,1.000000000000000000e+00,5.000000000000000000e-01,2.902097902097902082e-01,2.505827505827505908e-01,2.873333333333332774e-03,1.164948453608247447e-01
8.275862068965517127e-01,1.000000000000000000e+00,5.000000000000000000e-01,3.694638694638694432e-01,3.496503496503496344e-01,3.679999999999999678e-03,1.958762886597938124e-01
9.999999999999998890e-01,1.000000000000000000e+00,5.000000000000000000e-01,4.522144522144522227e-01,4.300699300699301064e-01,4.233333333333332872e-03,2.556701030927835405e-01
0.000000000000000000e+00,0.000000000000000000e+00,1.000000000000000000e+00,5.909090909090908977e-02,7.226107226107225667e-02,1.753333333333333306e-04,0.000000000000000000e+00
3.448275862068965469e-02,0.000000000000000000e+00,1.000000000000000000e+00,1.131701631701631794e-01,2.505827505827505908e-01,3.753333333333333131e-04,0.000000000000000000e+00
1.034482758620689641e-01,0.000000000000000000e+00,1.000000000000000000e+00,4.731934731934731575e-01,4.731934731934731575e-01,8.333333333333332784e-04,0.000000000000000000e+00
1.724137931034482873e-01,0.000000000000000000e+00,1.000000000000000000e+00,6.212121212121212155e-01,6.002331002331002807e-01,1.666666666666666557e-03,1.262886597938144354e-02
3.103448275862068506e-01,0.000000000000000000e+00,1.000000000000000000e+00,7.913752913752913898e-01,8.030303030303030942e-01,1.666666666666666557e-03,4.943298969072165011e-02
4.827586206896550824e-01,0.000000000000000000e+00,1.000000000000000000e+00,7.913752913752913898e-01,8.030303030303030942e-01,1.666666666666666557e-03,1.206185567010309295e-01
6.551724137931034253e-01,0.000000000000000000e+00,1.000000000000000000e+00,8.030303030303030942e-01,8.030303030303030942e-01,1.666666666666666557e-03,8.247422680412371809e-01
8.275862068965517127e-01,0.000000000000000000e+00,1.000000000000000000e+00,8.030303030303030942e-01,8.030303030303030942e-01,1.666666666666666557e-03,1.000000000000000000e+00
9.999999999999998890e-01,0.000000000000000000e+00,1.000000000000000000e+00,8.030303030303030942e-01,8.030303030303030942e-01,1.666666666666666557e-03,0.000000000000000000e+00
0.000000000000000000e+00,3.333333333333333703e-01,1.000000000000000000e+00,7.890442890442890544e-02,0.000000000000000000e+00,1.746666666666666658e-04,0.000000000000000000e+00
3.448275862068965469e-02,3.333333333333333703e-01,1.000000000000000000e+00,1.131701631701631794e-01,0.000000000000000000e+00,3.406666666666666350e-04,6.185567010309278926e-03
1.034482758620689641e-01,3.333333333333333703e-01,1.000000000000000000e+00,1.305361305361305291e-01,1.468531468531468487e-01,7.199999999999999369e-04,1.365979381443298973e-02
1.724137931034482873e-01,3.333333333333333703e-01,1.000000000000000000e+00,1.643356643356643498e-01,2.156177156177156162e-01,1.219999999999999947e-03,2.716494845360824945e-02
3.103448275862068506e-01,3.333333333333333703e-01,1.000000000000000000e+00,3.100233100233100170e-01,6.002331002331002807e-01,2.480000000000000000e-03,5.927835051546391509e-02
4.827586206896550824e-01,3.333333333333333703e-01,1.000000000000000000e+00,6.643356643356643776e-01,6.643356643356643776e-01,1.000000000000000000e+00,1.247422680412371143e-01
6.551724137931034253e-01,3.333333333333333703e-01,1.000000000000000000e+00,8.624708624708624649e-01,8.240093240093240290e-01,1.000000000000000000e+00,2.876288659793814206e-01
8.275862068965517127e-01,3.333333333333333703e-01,1.000000000000000000e+00,1.000000000000000000e+00,1.000000000000000000e+00,1.000000000000000000e+00,4.850515463917525749e-01
9.999999999999998890e-01,3.333333333333333703e-01,1.000000000000000000e+00,1.000000000000000000e+00,1.000000000000000000e+00,1.000000000000000000e+00,5.463917525773196449e-01
0.000000000000000000e+00,1.000000000000000000e+00,1.000000000000000000e+00,7.552447552447552614e-02,0.000000000000000000e+00,1.740000000000000010e-04,0.000000000000000000e+00
3.448275862068965469e-02,1.000000000000000000e+00,1.000000000000000000e+00,1.131701631701631794e-01,0.000000000000000000e+00,3.379999999999999758e-04,0.000000000000000000e+00
1.034482758620689641e-01,1.000000000000000000e+00,1.000000000000000000e+00,1.468531468531468487e-01,0.000000000000000000e+00,7.133333333333332889e-04,1.474226804123711376e-02
1.724137931034482873e-01,1.000000000000000000e+00,1.000000000000000000e+00,1.981351981351981706e-01,5.081585081585082014e-02,1.173333333333333303e-03,3.000000000000000236e-02
3.103448275862068506e-01,1.000000000000000000e+00,1.000000000000000000e+00,2.703962703962703995e-01,2.156177156177156162e-01,2.119999999999999923e-03,6.649484536082474195e-02
4.827586206896550824e-01,1.000000000000000000e+00,1.000000000000000000e+00,3.100233100233100170e-01,3.298368298368298257e-01,3.486666666666666560e-03,1.360824742268041398e-01
6.551724137931034253e-01,1.000000000000000000e+00,1.000000000000000000e+00,5.372960372960373654e-01,4.300699300699301064e-01,4.606666666666666896e-03,2.634020618556701110e-01
8.275862068965517127e-01,1.000000000000000000e+00,1.000000000000000000e+00,6.643356643356643776e-01,5.792540792540793460e-01,1.346666666666666585e-03,7.061855670103092675e-02
9.999999999999998890e-01,1.000000000000000000e+00,1.000000000000000000e+00,0.000000000000000000e+00,0.000000000000000000e+00,0.000000000000000000e+00,0.000000000000000000e+00
